Loan_ID,Gender,Married,Dependents,Education,Self_Employed,ApplicantIncome,CoapplicantIncome,LoanAmount,Loan_Amount_Term,Credit_History,Property_Area
LP001031,Male,No,0,Graduate,No,,0.0,125.0,360.0,1.0,Urban
LP001032,Male,No,0,Graduate,No,4950.0,0.0,125.0,360.0,1.0,Urban
LP001824,Male,Yes,1,Graduate,No,2882.0,1843.0,123.0,480.0,1.0,Semiurban
LP002928,Male,Yes,0,Graduate,No,3000.0,3416.0,56.0,180.0,1.0,Semiurban
LP001814,Male,Yes,2,Graduate,No,9703.0,0.0,112.0,360.0,1.0,Urban
LP002244,Male,Yes,0,Graduate,No,2333.0,2417.0,136.0,360.0,1.0,Urban
LP001854,Male,Yes,3+,Graduate,No,5250.0,0.0,94.0,360.0,1.0,Urban
LP002505,Male,Yes,0,Graduate,No,4333.0,2451.0,110.0,360.0,1.0,Urban
LP002862,other,Yes,2,Not Graduate,No,6125.0,1625.0,187.0,480.0,1.0,Semiurban
LP001630,Male,No,0,Not Graduate,No,2333.0,1451.0,102.0,480.0,0.0,Urban
LP001964,Male,Yes,0,Not Graduate,No,1800.0,2934.0,93.0,360.0,0.0,Urban
LP001098,Male,Yes,0,Graduate,No,3500.0,1667.0,114.0,360.0,1.0,Semiurban
LP002149,Male,Yes,2,Graduate,No,8333.0,3167.0,165.0,360.0,1.0,Rural
LP002472,Male,No,2,Graduate,No,4354.0,0.0,136.0,360.0,1.0,Rural
LP001647,Male,Yes,0,Graduate,No,9328.0,0.0,188.0,180.0,1.0,Rural
LP001871,other,No,0,Graduate,No,7200.0,0.0,120.0,360.0,1.0,Rural
LP001379,Male,Yes,2,Graduate,no,3800.0,3600.0,216.0,360.0,0.0,Urban
LP002789,Male,Yes,0,Graduate,No,3593.0,4266.0,132.0,180.0,0.0,Rural
LP002842,Male,Yes,1,Graduate,No,3417.0,1750.0,186.0,360.0,1.0,Urban
LP001491,Male,Yes,2,Graduate,Yes,3316.0,3500.0,88.0,360.0,1.0,Urban
LP002031,Male,Yes,1,Not Graduate,No,3399.0,1640.0,111.0,180.0,1.0,Urban
LP001578,Male,Yes,0,Graduate,No,2439.0,3333.0,129.0,360.0,1.0,Rural
LP001318,Male,Yes,2,Graduate,No,6250.0,5654.0,188.0,180.0,1.0,Semiurban
LP001259,Male,Yes,1,Graduate,Yes,1000.0,3022.0,110.0,360.0,1.0,Urban
LP002804,Female,Yes,0,Graduate,No,4180.0,2306.0,182.0,360.0,1.0,Semiurban
LP001327,Female,Yes,0,Graduate,No,2484.0,2302.0,137.0,360.0,1.0,Semiurban
LP001713,Male,Yes,1,Graduate,Yes,7787.0,0.0,240.0,360.0,1.0,Urban
LP002990,Female,No,0,Graduate,Yes,4583.0,0.0,133.0,360.0,0.0,Semiurban
LP001810,Male,Yes,0,Not Graduate,No,,,123.0,360.0,1.0,Semiurban
LP001811,Male,Yes,0,Not Graduate,No,3406.0,4417.0,123.0,360.0,1.0,Semiurban
LP001891,Male,Yes,0,Graduate,No,11146.0,0.0,136.0,360.0,1.0,Urban
LP002953,Male,Yes,3+,Graduate,No,5703.0,0.0,128.0,360.0,1.0,Urban
LP001020,Male,Yes,1,Graduate,No,12841.0,10968.0,349.0,360.0,1.0,Semiurban
LP001144,Male,Yes,0,Graduate,No,5821.0,0.0,-21.0,360.0,1.0,Urban
LP002429,Male,Yes,1,Graduate,Yes,3466.0,1210.0,130.0,360.0,1.0,Rural
LP002138,Male,Yes,0,Graduate,No,2625.0,6250.0,187.0,360.0,1.0,Rural
LP001720,Male,Yes,3+,Not Graduate,No,3850.0,983.0,100.0,360.0,1.0,Semiurban
LP002341,Female,No,1,Graduate,No,2600.0,0.0,160.0,360.0,1.0,Urban
LP002626,Male,Yes,0,Graduate,Yes,2479.0,3013.0,188.0,360.0,1.0,Urban
LP002229,Male,No,0,Graduate,No,5941.0,4232.0,296.0,360.0,1.0,Semiurban
LP001195,Male,Yes,0,Graduate,no,2132.0,1591.0,96.0,360.0,1.0,Semiurban
LP001194,Male,Yes,2,Graduate,No,2708.0,1167.0,97.0,360.0,1.0,Semiurban
LP002115,Male,Yes,3+,Not Graduate,No,2647.0,1587.0,173.0,360.0,1.0,Rural
LP001369,Male,Yes,2,Graduate,No,11417.0,1126.0,225.0,360.0,1.0,Urban
LP001497,Male,Yes,2,Graduate,No,5042.0,2083.0,185.0,360.0,1.0,Rural
LP002807,Male,Yes,2,Not Graduate,No,3675.0,242.0,108.0,360.0,1.0,Semiurban
LP001633,Male,Yes,1,Graduate,No,6400.0,7250.0,180.0,360.0,0.0,Urban
LP001877,Male,Yes,2,Graduate,No,4708.0,1387.0,150.0,360.0,1.0,Semiurban
LP002689,Male,No,0,Graduate,No,2500.0,0.0,,,1.0,Semiurban
LP002690,Male,No,0,Graduate,No,2500.0,0.0,55.0,360.0,1.0,Semiurban
LP001924,Male,No,0,Graduate,No,3158.0,3053.0,89.0,360.0,1.0,Rural
LP002390,Male,No,0,Graduate,No,3750.0,0.0,100.0,360.0,1.0,Urban
LP002541,Male,Yes,0,Graduate,No,10833.0,0.0,234.0,360.0,1.0,Semiurban
LP001473,Male,No,0,Graduate,No,2014.0,1929.0,74.0,360.0,1.0,Urban
LP001005,Male,Yes,0,Graduate,Yes,3000.0,0.0,66.0,360.0,1.0,London
LP001882,Male,Yes,3+,Graduate,No,4333.0,1811.0,160.0,360.0,0.0,Urban
LP001925,Female,No,0,Graduate,Yes,2600.0,1717.0,99.0,300.0,1.0,Semiurban
LP001896,Male,Yes,2,Graduate,No,3900.0,0.0,90.0,360.0,1.0,Semiurban
LP001888,Female,No,0,Graduate,No,3237.0,0.0,30.0,360.0,1.0,Urban
LP002545,Male,No,2,Graduate,No,3547.0,0.0,80.0,360.0,0.0,Rural
LP002408,Male,No,0,Graduate,No,3660.0,5064.0,187.0,360.0,1.0,Semiurban
LP001255,Male,No,0,Graduate,No,3750.0,0.0,113.0,480.0,1.0,Urban
LP001030,Male,Yes,2,Graduate,No,1299.0,1086.0,17.0,120.0,1.0,London
LP001792,Male,Yes,1,Graduate,No,3315.0,0.0,96.0,360.0,1.0,Semiurban
LP002556,Male,No,0,Graduate,No,2435.0,0.0,75.0,360.0,1.0,Urban
LP002366,Male,Yes,0,Graduate,No,2666.0,4300.0,121.0,360.0,1.0,Rural
LP002201,Male,Yes,2,Graduate,Yes,9323.0,7873.0,380.0,300.0,1.0,Rural
LP001699,Male,No,0,Graduate,No,2479.0,0.0,59.0,360.0,1.0,Urban
LP001931,Female,No,0,Graduate,No,4124.0,0.0,115.0,360.0,1.0,Semiurban
LP002874,Male,No,0,Graduate,No,3229.0,2739.0,110.0,360.0,1.0,Urban
LP002936,Male,Yes,0,Graduate,No,3859.0,3300.0,142.0,180.0,1.0,Rural
LP001577,Female,Yes,0,Graduate,No,4583.0,0.0,112.0,360.0,1.0,Rural
LP002544,Male,Yes,1,Not Graduate,No,1958.0,2436.0,131.0,360.0,1.0,Rural
LP001157,other,No,0,Graduate,No,3086.0,0.0,120.0,360.0,1.0,Semiurban
LP002170,Male,Yes,2,Graduate,No,5000.0,3667.0,236.0,360.0,1.0,Semiurban
LP001859,Male,Yes,0,Graduate,No,14683.0,2100.0,304.0,360.0,1.0,Rural
LP002840,Female,No,0,Graduate,No,2378.0,0.0,9.0,360.0,1.0,Urban
LP002342,Male,Yes,2,Graduate,Yes,1600.0,20000.0,239.0,360.0,1.0,Urban
LP001432,Male,Yes,2,Graduate,No,2957.0,0.0,81.0,360.0,1.0,Semiurban
LP002792,Male,Yes,1,Graduate,No,5468.0,1032.0,26.0,360.0,1.0,Semiurban
LP002689,Male,Yes,2,Not Graduate,No,2192.0,1742.0,45.0,360.0,1.0,Semiurban
LP001974,Female,No,0,Graduate,No,5000.0,0.0,132.0,360.0,1.0,Rural
LP002255,Male,No,3+,Graduate,No,9167.0,0.0,185.0,360.0,1.0,Rural
LP001404,Female,Yes,0,Graduate,No,3167.0,2283.0,154.0,360.0,1.0,Semiurban
LP002938,Male,Yes,0,Graduate,Yes,16120.0,0.0,260.0,360.0,1.0,Urban
LP001518,Male,Yes,1,Graduate,No,1538.0,1425.0,30.0,360.0,1.0,Urban
LP002734,Male,Yes,0,Graduate,No,6133.0,3906.0,324.0,360.0,1.0,Urban
LP002940,Male,No,0,Not Graduate,No,3833.0,0.0,110.0,360.0,1.0,Rural
LP001807,Male,Yes,2,Graduate,Yes,6250.0,1300.0,108.0,360.0,1.0,Rural
LP002403,Male,No,0,Graduate,Yes,10416.0,0.0,187.0,360.0,0.0,Urban
LP001199,Male,Yes,2,Not Graduate,No,3357.0,2859.0,144.0,360.0,1.0,Urban
LP002683,Male,No,0,Graduate,No,4683.0,1915.0,185.0,360.0,1.0,Semiurban
LP001910,Male,No,1,Not Graduate,Yes,4053.0,2426.0,158.0,360.0,0.0,Urban
LP001493,Male,Yes,2,Not Graduate,No,4200.0,1430.0,129.0,360.0,1.0,Rural
LP002262,Male,Yes,3+,Graduate,No,9504.0,0.0,275.0,360.0,1.0,Rural
LP001579,Male,No,0,Graduate,No,2237.0,0.0,63.0,480.0,0.0,Semiurban
LP002714,Male,No,1,Not Graduate,No,2679.0,1302.0,94.0,360.0,1.0,Semiurban
LP002190,Male,Yes,1,Graduate,No,6325.0,0.0,175.0,360.0,1.0,Semiurban
LP001799,,Yes,,Not Graduate,No,,,140.0,,1.0,Urban
LP001800,Male,Yes,1,Not Graduate,No,2510.0,1983.0,140.0,180.0,1.0,Urban
LP001487,Male,No,0,Graduate,No,4895.0,0.0,102.0,360.0,1.0,Semiurban
LP002317,Male,Yes,3+,Graduate,No,81000.0,0.0,360.0,360.0,0.0,Rural
LP002603,Female,No,0,Graduate,No,645.0,3683.0,113.0,480.0,1.0,Rural
LP002082,Male,Yes,0,Graduate,Yes,5818.0,2160.0,184.0,360.0,1.0,Semiurban
LP002487,Male,Yes,0,Graduate,No,3015.0,2188.0,153.0,360.0,1.0,Rural
LP002434,Male,Yes,2,Not Graduate,No,4652.0,0.0,110.0,360.0,1.0,Rural
LP002959,Female,Yes,1,Graduate,No,12000.0,0.0,496.0,360.0,1.0,Semiurban
LP002287,Female,No,0,Graduate,No,1500.0,1800.0,103.0,360.0,0.0,Semiurban
LP002379,Male,No,0,Graduate,No,6500.0,0.0,105.0,360.0,0.0,Rural
LP001514,Female,Yes,0,Graduate,No,2330.0,4486.0,100.0,360.0,1.0,Semiurban
LP001610,Male,Yes,3+,Graduate,No,5516.0,11300.0,495.0,360.0,0.0,Semiurban
LP001043,Male,Yes,0,Not Graduate,No,7660.0,0.0,104.0,360.0,0.0,Urban
LP002348,Male,Yes,0,Graduate,No,5829.0,0.0,138.0,360.0,1.0,Rural
LP001904,Male,Yes,0,Graduate,No,3103.0,1300.0,80.0,360.0,1.0,Urban
LP001430,Female,No,0,Graduate,No,4166.0,0.0,44.0,360.0,1.0,Semiurban
LP002821,Male,No,0,Not Graduate,Yes,5800.0,0.0,132.0,360.0,1.0,Semiurban
LP002387,Male,Yes,0,Graduate,No,2425.0,2340.0,143.0,360.0,1.0,Semiurban
LP002979,Male,Yes,3+,Graduate,No,4106.0,0.0,40.0,180.0,1.0,Rural
LP001692,Female,No,0,Not Graduate,No,4408.0,0.0,120.0,360.0,1.0,Semiurban
LP001267,Female,Yes,2,Graduate,No,1378.0,1881.0,167.0,360.0,1.0,Urban
LP002586,Female,Yes,1,Graduate,No,3326.0,913.0,105.0,84.0,1.0,Semiurban
LP001489,Female,Yes,0,Graduate,No,4583.0,0.0,84.0,360.0,1.0,Rural
LP002634,Female,No,1,Graduate,No,13262.0,0.0,40.0,360.0,1.0,London
LP002893,other,No,0,Graduate,No,1836.0,33837.0,90.0,360.0,1.0,Urban
LP001868,Male,No,0,Graduate,No,2060.0,2209.0,134.0,360.0,1.0,Semiurban
LP001164,other,No,0,Graduate,No,4230.0,0.0,112.0,360.0,1.0,Semiurban
LP002813,Female,Yes,1,Graduate,Yes,19484.0,0.0,600.0,360.0,1.0,Semiurban
LP002517,Male,Yes,1,Not Graduate,No,2653.0,1500.0,113.0,180.0,0.0,Rural
LP001046,Male,Yes,1,Graduate,No,5955.0,5625.0,315.0,360.0,1.0,Urban
LP002582,Female,No,0,Not Graduate,Yes,17263.0,0.0,225.0,360.0,1.0,Semiurban
LP001316,Male,Yes,0,Graduate,No,2958.0,2900.0,131.0,360.0,1.0,Semiurban
LP001715,Male,Yes,3+,Not Graduate,Yes,5703.0,0.0,130.0,360.0,1.0,Rural
LP001068,Male,Yes,0,Graduate,No,2799.0,2253.0,122.0,360.0,1.0,Semiurban
LP002119,Male,Yes,1,Not Graduate,No,4554.0,1229.0,158.0,360.0,1.0,Urban
LP002151,Male,Yes,1,Graduate,No,3875.0,0.0,67.0,360.0,1.0,Urban
LP002337,Female,No,0,Graduate,No,2995.0,0.0,60.0,360.0,1.0,Urban
LP001653,Male,No,0,Not Graduate,No,4885.0,0.0,48.0,360.0,1.0,Rural
LP001640,Male,Yes,0,Graduate,Yes,39147.0,4750.0,120.0,360.0,1.0,Semiurban
LP002315,Male,Yes,1,Graduate,No,8300.0,0.0,152.0,300.0,0.0,Semiurban
LP002693,Male,Yes,2,Graduate,Yes,7948.0,7166.0,480.0,360.0,1.0,Rural
LP002129,Male,Yes,0,Graduate,No,2499.0,2458.0,160.0,360.0,1.0,Semiurban
LP001722,Male,Yes,0,Graduate,No,150.0,1800.0,135.0,360.0,1.0,Rural
LP002067,Male,Yes,1,Graduate,Yes,8666.0,4983.0,376.0,360.0,0.0,Rural
LP002836,Male,No,0,Graduate,No,3333.0,0.0,70.0,360.0,1.0,Urban
LP002659,Male,Yes,3+,Graduate,No,3466.0,3428.0,150.0,360.0,1.0,Rural
LP002314,Female,No,0,Not Graduate,No,2213.0,0.0,66.0,360.0,1.0,Rural
LP001940,Male,Yes,2,Graduate,No,3153.0,1560.0,134.0,360.0,1.0,Urban
LP001289,Male,No,0,Graduate,No,8566.0,0.0,210.0,360.0,1.0,Urban
LP001915,Male,Yes,2,,No,2301.0,,78.0,180.0,1.0,
LP001915,Male,Yes,2,Graduate,No,2301.0,985.7999877999998,78.0,180.0,1.0,Urban
LP002519,Male,Yes,3+,Graduate,No,4691.0,0.0,100.0,360.0,1.0,Semiurban
LP002191,Male,Yes,0,Graduate,No,19730.0,5266.0,570.0,360.0,1.0,Rural
LP002301,Female,No,0,Graduate,Yes,7441.0,0.0,194.0,360.0,1.0,Rural
LP002006,Female,No,0,Graduate,No,2507.0,0.0,56.0,360.0,1.0,Rural
LP002236,Male,Yes,2,Graduate,No,4566.0,0.0,100.0,360.0,1.0,Urban
LP002931,Male,Yes,2,Graduate,Yes,6000.0,0.0,205.0,240.0,1.0,Semiurban
LP002945,other,Yes,0,Graduate,Yes,9963.0,0.0,180.0,360.0,1.0,Rural
LP002266,Male,Yes,2,Graduate,No,3100.0,1400.0,113.0,360.0,1.0,Urban
LP001519,Female,No,0,Graduate,No,10000.0,1666.0,225.0,360.0,1.0,Rural
LP002051,Male,Yes,0,Graduate,No,2400.0,2167.0,115.0,360.0,1.0,Semiurban
LP001784,Male,Yes,1,Graduate,No,5500.0,1260.0,170.0,360.0,1.0,Rural
LP002837,Male,Yes,3+,Graduate,No,3400.0,2500.0,123.0,360.0,0.0,Rural
LP002615,Male,Yes,2,Graduate,No,4865.0,5624.0,208.0,360.0,1.0,Semiurban
LP002446,Male,Yes,2,Not Graduate,No,2309.0,1255.0,125.0,360.0,0.0,Rural
LP002205,Male,No,1,Graduate,No,3062.0,1987.0,111.0,180.0,0.0,Urban
LP001798,Male,Yes,2,Graduate,No,5819.0,5000.0,120.0,360.0,1.0,Rural
LP002493,Male,No,0,Graduate,No,4166.0,0.0,98.0,360.0,0.0,Semiurban
LP001586,Male,Yes,3+,Not Graduate,No,3522.0,0.0,81.0,180.0,1.0,Rural
LP002692,Male,Yes,3+,Graduate,Yes,5677.0,1424.0,100.0,360.0,1.0,Rural
LP001758,Male,Yes,2,Graduate,No,6250.0,1695.0,210.0,360.0,1.0,Semiurban
LP002180,Male,No,0,Graduate,Yes,6822.0,0.0,141.0,360.0,1.0,Rural
LP002398,Male,No,0,Graduate,No,1926.0,1851.0,50.0,360.0,1.0,Semiurban
LP002494,Male,No,0,Graduate,No,6000.0,0.0,140.0,360.0,1.0,Rural
LP001066,Male,Yes,0,Graduate,Yes,9560.0,0.0,191.0,360.0,1.0,Semiurban
LP001206,Male,Yes,3+,Graduate,No,3029.0,0.0,99.0,360.0,1.0,Urban
LP002139,Male,Yes,0,Graduate,No,9083.0,0.0,228.0,360.0,1.0,Semiurban
LP002755,Male,Yes,1,Not Graduate,No,2239.0,2524.0,128.0,360.0,1.0,Urban
LP002772,Male,No,0,Graduate,No,2526.0,1783.0,145.0,360.0,1.0,Rural
LP001529,Male,Yes,0,Graduate,Yes,2577.0,3750.0,152.0,360.0,1.0,Rural
LP002370,Male,No,0,Not Graduate,No,2717.0,0.0,60.0,180.0,1.0,Urban
LP001954,Female,Yes,1,Graduate,No,4666.0,0.0,135.0,360.0,1.0,Urban
LP002916,Male,Yes,0,Graduate,No,2297.0,1522.0,104.0,360.0,1.0,Urban
LP002571,Male,No,0,Not Graduate,No,3691.0,0.0,110.0,360.0,1.0,Rural
LP002004,Male,No,0,Not Graduate,No,2927.0,2405.0,111.0,360.0,1.0,Semiurban
LP002250,Male,Yes,0,Graduate,No,5488.0,0.0,125.0,360.0,1.0,Rural
LP001516,Female,Yes,2,Graduate,No,14866.0,0.0,70.0,360.0,1.0,Urban
LP002863,Male,Yes,3+,Graduate,No,6406.0,0.0,150.0,360.0,1.0,Semiurban
LP002265,Male,Yes,2,Not Graduate,No,1993.0,1625.0,113.0,180.0,1.0,Semiurban
LP001155,Female,Yes,0,Not Graduate,No,1928.0,1644.0,100.0,360.0,1.0,Semiurban
LP001532,Male,Yes,2,Not Graduate,No,2281.0,0.0,113.0,360.0,1.0,Rural
LP002158,Male,Yes,0,Not Graduate,No,3000.0,1666.0,100.0,480.0,0.0,Urban
LP001947,Male,Yes,0,Graduate,No,2383.0,3334.0,172.0,360.0,1.0,Semiurban
LP001095,Male,No,0,Graduate,No,3167.0,0.0,74.0,360.0,1.0,Urban
LP002087,Female,No,0,Graduate,No,2500.0,0.0,67.0,360.0,1.0,Urban
LP001422,Female,No,0,Graduate,No,10408.0,0.0,259.0,360.0,1.0,Urban
LP001114,Male,No,0,Graduate,No,4166.0,7210.0,184.0,360.0,1.0,Urban
LP001145,Female,Yes,0,Graduate,No,,3440.0,120.0,360.0,0.0,Urban
LP001146,Female,Yes,0,Graduate,No,2645.0,3440.0,120.0,360.0,0.0,Urban
LP002743,Female,No,0,Graduate,No,2138.0,0.0,99.0,360.0,0.0,Semiurban
LP002798,Male,Yes,0,Graduate,No,3887.0,2669.0,162.0,360.0,1.0,Semiurban
LP002377,Female,No,1,Graduate,Yes,8624.0,0.0,-21.0,360.0,1.0,Semiurban
LP001761,Male,No,0,Graduate,Yes,6400.0,0.0,200.0,360.0,1.0,Rural
LP001349,Male,No,0,Graduate,No,4843.0,3806.0,151.0,360.0,1.0,Semiurban
LP001245,Male,Yes,2,Not Graduate,Yes,1875.0,1875.0,97.0,360.0,1.0,Semiurban
LP002648,Male,Yes,0,Graduate,No,2130.0,6666.0,70.0,180.0,1.0,Semiurban
LP001543,Male,Yes,1,Graduate,No,9538.0,0.0,187.0,360.0,1.0,Urban
LP001100,Male,No,3+,Graduate,No,12500.0,3000.0,320.0,360.0,1.0,Rural
LP001993,Female,No,0,Graduate,No,3762.0,1666.0,135.0,360.0,1.0,Rural
LP002606,Female,No,0,Graduate,No,3159.0,0.0,100.0,360.0,1.0,Semiurban
LP001011,Male,Yes,2,Graduate,Yes,5417.0,4196.0,267.0,360.0,1.0,Urban
LP001333,Male,Yes,0,Graduate,No,1977.0,997.0,50.0,360.0,1.0,Semiurban
LP002738,Male,No,2,Graduate,No,3617.0,0.0,107.0,360.0,1.0,Semiurban
LP002181,Male,No,0,Not Graduate,No,6216.0,0.0,133.0,360.0,1.0,Rural
LP001606,Male,Yes,0,Graduate,No,3497.0,1964.0,116.0,360.0,1.0,Rural
LP001903,Male,Yes,0,Graduate,No,3993.0,3274.0,207.0,360.0,1.0,Semiurban
LP002459,Male,Yes,0,Graduate,No,4301.0,0.0,118.0,360.0,1.0,Urban
LP002912,Male,Yes,1,Graduate,No,4283.0,3000.0,172.0,84.0,1.0,Rural
LP002602,Male,No,0,Graduate,No,6283.0,4416.0,209.0,360.0,0.0,Rural
LP001674,Male,Yes,1,Not Graduate,No,2600.0,2500.0,90.0,360.0,1.0,Semiurban
LP002035,Male,Yes,2,Graduate,No,3717.0,0.0,120.0,360.0,1.0,Semiurban
LP002187,Male,No,0,Graduate,No,2500.0,0.0,96.0,480.0,1.0,Semiurban
LP002785,other,Yes,1,Graduate,No,3333.0,3250.0,158.0,360.0,1.0,Urban
LP001926,Male,Yes,0,Graduate,No,3704.0,2000.0,120.0,360.0,1.0,Rural
LP002640,Male,Yes,1,Graduate,No,6065.0,2004.0,250.0,360.0,1.0,Semiurban
LP001006,Male,Yes,0,Not Graduate,No,2583.0,2358.0,120.0,360.0,1.0,Urban
LP001151,Female,No,0,Graduate,No,4000.0,2275.0,144.0,360.0,1.0,Semiurban
LP001116,Male,No,0,Not Graduate,No,3748.0,1668.0,110.0,360.0,1.0,Semiurban
LP001013,Male,Yes,0,Not Graduate,No,2333.0,1516.0,95.0,360.0,1.0,Urban
LP002224,Male,No,0,Graduate,No,3069.0,0.0,71.0,480.0,1.0,Urban
LP002175,Male,Yes,0,Graduate,No,4750.0,2333.0,130.0,360.0,1.0,Urban
LP001131,Male,Yes,0,Graduate,No,3941.0,2336.0,134.0,360.0,1.0,Semiurban
LP001528,Male,No,0,Graduate,No,6277.0,0.0,118.0,360.0,0.0,Rural
LP001677,Male,No,2,Graduate,No,4923.0,0.0,166.0,360.0,0.0,Semiurban
LP002418,Male,No,3+,Not Graduate,No,4707.0,1993.0,148.0,360.0,1.0,Semiurban
LP002368,Male,Yes,2,Graduate,No,5935.0,0.0,133.0,360.0,1.0,Semiurban
LP002720,Male,Yes,3+,Graduate,No,4281.0,0.0,100.0,360.0,1.0,Urban
LP002767,Male,Yes,0,Graduate,No,2768.0,1950.0,155.0,360.0,1.0,Rural
LP001322,Male,No,0,Graduate,No,4133.0,0.0,122.0,360.0,1.0,Semiurban
LP002097,Male,No,1,Graduate,No,4384.0,1793.0,117.0,360.0,1.0,Urban
LP002234,Male,No,0,Graduate,Yes,7167.0,0.0,128.0,360.0,1.0,Urban
LP001639,Female,Yes,0,Graduate,No,3625.0,0.0,108.0,360.0,1.0,Semiurban
LP001186,Female,Yes,1,Graduate,Yes,11500.0,0.0,286.0,360.0,0.0,Urban
LP001028,Male,Yes,2,Graduate,No,3073.0,8106.0,200.0,360.0,1.0,Urban
LP001765,Male,Yes,1,Graduate,No,2491.0,2054.0,104.0,360.0,1.0,Semiurban
LP001018,Male,Yes,2,Graduate,No,4006.0,1526.0,168.0,360.0,1.0,Urban
LP001875,Male,No,0,Graduate,No,4095.0,3447.0,151.0,360.0,1.0,Rural
LP001656,Male,No,0,Graduate,No,12000.0,0.0,164.0,360.0,1.0,Semiurban
LP002361,Male,Yes,0,Graduate,No,1820.0,1719.0,100.0,360.0,1.0,Urban
LP002467,Male,Yes,0,Graduate,No,3708.0,2569.0,173.0,360.0,1.0,Urban
LP002328,Male,Yes,0,Not Graduate,No,6096.0,0.0,218.0,360.0,0.0,Rural
LP002211,Male,Yes,0,Graduate,No,4817.0,923.0,120.0,180.0,1.0,Urban
LP002524,Male,No,2,Graduate,No,5532.0,4648.0,162.0,360.0,1.0,Rural
LP002832,Male,Yes,2,Graduate,No,8799.0,0.0,258.0,360.0,0.0,Urban
LP002841,Male,Yes,0,Graduate,No,3166.0,2064.0,104.0,360.0,0.0,Urban
LP001478,Male,No,0,Graduate,No,2718.0,0.0,70.0,360.0,1.0,Semiurban
LP001894,Male,Yes,0,Graduate,No,2620.0,2223.0,150.0,360.0,1.0,Semiurban
LP002894,other,Yes,0,Graduate,No,3166.0,0.0,36.0,360.0,1.0,Semiurban
LP002284,Male,No,0,Not Graduate,No,3902.0,1666.0,109.0,360.0,1.0,Rural
LP002305,Female,No,0,Graduate,No,4547.0,0.0,115.0,360.0,1.0,Semiurban
LP001343,Male,Yes,0,Graduate,No,1759.0,3541.0,131.0,360.0,1.0,Semiurban
LP001936,Male,Yes,0,Graduate,No,3075.0,2416.0,139.0,360.0,1.0,Rural
LP002788,Male,Yes,0,Not Graduate,No,2454.0,2333.0,181.0,360.0,0.0,Urban
LP001535,Male,No,0,Graduate,No,3254.0,0.0,50.0,360.0,1.0,Urban
LP002892,Male,Yes,2,Graduate,No,6540.0,0.0,205.0,360.0,1.0,Semiurban
LP001636,Male,Yes,0,Graduate,No,4600.0,0.0,73.0,180.0,1.0,Semiurban
LP001038,other,Yes,0,Not Graduate,No,4887.0,0.0,133.0,360.0,1.0,Rural
LP001572,Male,Yes,0,Graduate,No,9323.0,0.0,75.0,180.0,1.0,Urban
LP001385,Male,No,0,Graduate,No,5316.0,0.0,136.0,360.0,1.0,Urban
LP001726,Male,Yes,0,Graduate,No,3727.0,1775.0,131.0,360.0,1.0,Semiurban
LP002308,Male,Yes,0,Not Graduate,No,2167.0,2400.0,115.0,360.0,1.0,Urban
LP002449,Male,Yes,0,Graduate,No,2483.0,2466.0,90.0,180.0,0.0,Rural
LP001112,Female,Yes,0,Graduate,No,3667.0,1459.0,144.0,360.0,1.0,Semiurban
LP002142,Female,Yes,0,Graduate,Yes,5500.0,0.0,105.0,360.0,0.0,Rural
LP001953,Male,Yes,1,Graduate,No,6875.0,0.0,200.0,360.0,1.0,Semiurban
LP001955,Female,No,0,Graduate,No,5000.0,2541.0,151.0,480.0,1.0,Rural
LP001658,Male,No,0,Graduate,No,3858.0,0.0,76.0,360.0,1.0,Semiurban
LP002652,Male,No,0,Graduate,No,5815.0,3666.0,311.0,360.0,1.0,Rural
LP001279,Male,No,0,Graduate,No,2366.0,2531.0,136.0,360.0,1.0,Semiurban
LP001917,Female,No,0,Graduate,No,1811.0,1666.0,54.0,360.0,1.0,Urban
LP002948,Male,Yes,2,Graduate,No,5780.0,0.0,192.0,360.0,1.0,Urban
LP001179,Male,Yes,2,Graduate,No,4616.0,0.0,134.0,360.0,1.0,Urban
LP002978,Female,No,0,Graduate,No,2900.0,0.0,71.0,360.0,1.0,Rural
LP002098,Male,No,0,Graduate,No,2935.0,0.0,98.0,360.0,1.0,Semiurban
LP001580,Male,Yes,2,Graduate,No,8000.0,0.0,200.0,360.0,1.0,Semiurban
LP002731,Female,No,0,Not Graduate,Yes,18165.0,0.0,125.0,360.0,1.0,Urban
LP002716,Male,No,0,Not Graduate,No,6783.0,0.0,130.0,360.0,1.0,Semiurban
LP001836,Female,No,2,Graduate,No,3427.0,0.0,138.0,360.0,1.0,Urban
LP001233,Male,Yes,1,Graduate,No,10750.0,0.0,312.0,360.0,1.0,Urban
LP001565,Male,Yes,1,Graduate,No,3089.0,1280.0,121.0,360.0,0.0,Semiurban
LP001024,Male,Yes,2,Graduate,No,3200.0,700.0,70.0,360.0,1.0,Urban
LP001334,Male,Yes,0,Not Graduate,No,4188.0,0.0,115.0,180.0,1.0,Semiurban
LP002231,Female,No,0,Graduate,No,6000.0,0.0,156.0,360.0,1.0,Urban
LP001120,Male,No,0,Graduate,No,1800.0,1213.0,47.0,360.0,1.0,Urban
LP002958,Male,No,0,Graduate,No,3676.0,4301.0,172.0,360.0,1.0,Rural
LP001325,Male,No,0,Not Graduate,No,3620.0,0.0,25.0,120.0,1.0,Semiurban
LP002600,Male,Yes,1,Graduate,Yes,2895.0,0.0,95.0,360.0,1.0,Semiurban
LP001691,Male,Yes,2,Not Graduate,No,3917.0,0.0,124.0,360.0,1.0,Semiurban
LP002448,Male,Yes,0,Graduate,No,3948.0,1733.0,149.0,360.0,0.0,Rural
LP001238,Male,Yes,3+,Not Graduate,Yes,7100.0,0.0,125.0,60.0,1.0,Urban
LP002555,Male,Yes,2,Graduate,Yes,4583.0,2083.0,160.0,360.0,1.0,Semiurban
LP002050,Male,Yes,1,Graduate,Yes,10000.0,0.0,155.0,360.0,1.0,Rural
LP002347,Male,Yes,0,Graduate,No,3246.0,1417.0,138.0,360.0,1.0,Semiurban
LP001711,Male,Yes,3+,Graduate,No,3430.0,1250.0,128.0,360.0,0.0,Semiurban
LP002116,Female,No,0,Graduate,No,2378.0,0.0,46.0,360.0,1.0,Rural
LP001225,Male,Yes,0,Graduate,No,5726.0,4595.0,258.0,360.0,1.0,Semiurban
LP001504,Male,No,0,Graduate,Yes,6950.0,0.0,175.0,180.0,1.0,Semiurban
LP001253,Male,Yes,3+,Graduate,Yes,5266.0,1774.0,187.0,360.0,1.0,Semiurban
LP002219,Male,Yes,3+,Graduate,No,8750.0,4996.0,130.0,360.0,1.0,Rural
LP002369,Male,Yes,0,Graduate,No,2920.0,16.12000084,87.0,360.0,1.0,Rural
LP001384,Male,Yes,3+,Not Graduate,No,2071.0,754.0,94.0,480.0,1.0,Semiurban
LP002739,Male,Yes,0,Not Graduate,No,2917.0,536.0,66.0,360.0,1.0,Rural
LP001778,Male,Yes,1,Graduate,No,3155.0,1779.0,140.0,360.0,1.0,Semiurban
LP001844,Male,No,0,Graduate,Yes,16250.0,0.0,192.0,360.0,0.0,Urban
LP001963,Male,Yes,1,Graduate,No,2014.0,2925.0,113.0,360.0,1.0,Urban
LP001938,Male,Yes,2,Graduate,No,4400.0,0.0,127.0,360.0,0.0,Semiurban
LP001843,Male,Yes,1,Not Graduate,No,2661.0,7101.0,279.0,180.0,1.0,Semiurban
LP002776,Female,No,0,Graduate,No,5000.0,0.0,103.0,360.0,0.0,Semiurban
LP002855,Male,Yes,2,Graduate,No,16666.0,0.0,275.0,360.0,1.0,Urban
LP002161,Female,No,1,Graduate,No,4723.0,0.0,81.0,360.0,1.0,Semiurban
LP002364,Male,Yes,0,Graduate,No,14880.0,0.0,96.0,360.0,1.0,Semiurban
LP002705,other,Yes,0,Graduate,No,3775.0,0.0,110.0,360.0,1.0,Semiurban
LP001813,Male,No,0,Graduate,Yes,6050.0,4333.0,120.0,180.0,1.0,Urban
LP001086,Male,No,0,Not Graduate,No,1442.0,0.0,35.0,360.0,1.0,Urban
LP001914,Male,Yes,0,Graduate,No,3927.0,800.0,112.0,360.0,1.0,Semiurban
LP001520,Male,Yes,0,Graduate,No,4860.0,830.0,125.0,360.0,1.0,Semiurban
LP001664,Male,No,0,Graduate,No,4191.0,0.0,120.0,360.0,1.0,Rural
LP001751,Male,Yes,0,Graduate,No,3250.0,0.0,170.0,360.0,1.0,Rural
LP001806,Male,No,0,Graduate,No,2965.0,5701.0,155.0,60.0,1.0,Urban
LP001319,Male,Yes,2,Not Graduate,No,3273.0,1820.0,81.0,360.0,1.0,Urban
LP001900,Male,Yes,1,Graduate,No,2750.0,1842.0,115.0,360.0,1.0,Semiurban
LP001977,Male,Yes,1,Graduate,No,1625.0,1803.0,96.0,360.0,1.0,Urban
LP001641,Male,Yes,1,Graduate,Yes,2178.0,0.0,66.0,300.0,0.0,Rural
LP001222,Female,No,0,Graduate,No,4166.0,0.0,116.0,360.0,0.0,Semiurban
LP002068,Male,No,0,Graduate,No,4917.0,0.0,130.0,360.0,0.0,Rural
LP001451,Male,Yes,1,Graduate,Yes,10513.0,3850.0,160.0,180.0,0.0,Urban
LP001482,Male,Yes,0,Graduate,Yes,3459.0,0.0,25.0,120.0,1.0,Semiurban
LP001872,Male,No,0,Graduate,Yes,5166.0,0.0,128.0,360.0,1.0,Semiurban
LP002529,Male,Yes,2,Graduate,No,6700.0,1750.0,230.0,300.0,1.0,Semiurban
LP002527,Male,Yes,2,Graduate,Yes,16525.0,1014.0,150.0,360.0,1.0,Rural
LP001008,Male,No,0,Graduate,No,6000.0,0.0,141.0,360.0,1.0,Urban
LP002706,Male,Yes,1,Not Graduate,No,5285.0,1430.0,161.0,360.0,0.0,Semiurban
LP002961,Male,Yes,1,Graduate,No,3400.0,2500.0,173.0,360.0,1.0,Semiurban
LP002197,Male,Yes,2,Graduate,No,5185.0,0.0,155.0,360.0,1.0,Semiurban
LP001698,Male,No,0,Not Graduate,No,3975.0,2531.0,55.0,360.0,1.0,Rural
LP002777,Male,Yes,0,Graduate,No,2785.0,2016.0,110.0,360.0,1.0,Rural
LP002768,Male,No,0,Not Graduate,No,3358.0,0.0,80.0,36.0,1.0,Semiurban
LP001994,Female,No,0,Graduate,No,2400.0,1863.0,104.0,360.0,0.0,Urban
LP001716,Male,Yes,0,Graduate,No,3173.0,3021.0,137.0,360.0,1.0,Urban
LP002723,Male,No,2,Graduate,No,3588.0,0.0,110.0,360.0,0.0,Rural
LP002407,Female,Yes,0,Not Graduate,Yes,7142.0,0.0,138.0,360.0,1.0,Rural
LP002332,Male,Yes,0,Not Graduate,No,2253.0,2033.0,110.0,360.0,1.0,Rural
LP001207,Male,Yes,0,Not Graduate,Yes,2609.0,3449.0,165.0,180.0,0.0,Rural
LP001608,Male,Yes,2,Graduate,No,2045.0,1619.0,101.0,360.0,1.0,Rural
LP001119,Male,No,0,Graduate,No,3600.0,0.0,80.0,360.0,1.0,Urban
LP002534,Female,No,0,Not Graduate,No,4350.0,0.0,154.0,360.0,1.0,Rural
LP002984,Male,Yes,2,Graduate,No,7583.0,0.0,187.0,360.0,1.0,Urban
LP001825,Male,Yes,0,Graduate,no,1809.0,1868.0,90.0,360.0,1.0,Urban
LP001243,Male,Yes,0,Graduate,No,3208.0,3066.0,172.0,360.0,1.0,Urban
LP002741,Female,Yes,1,Graduate,No,4608.0,2845.0,140.0,180.0,1.0,Semiurban
LP001849,Male,No,0,Not Graduate,No,6045.0,0.0,115.0,360.0,0.0,Rural
LP001657,Male,Yes,0,Not Graduate,No,6033.0,0.0,160.0,360.0,1.0,Urban
LP001073,Male,Yes,2,Not Graduate,No,4226.0,1040.0,110.0,360.0,1.0,Urban
LP001790,Female,No,1,Graduate,No,3812.0,0.0,112.0,360.0,1.0,Rural
LP001003,Male,Yes,1,Graduate,No,4583.0,1508.0,128.0,360.0,1.0,Rural
LP002587,Male,Yes,0,Not Graduate,No,2600.0,1700.0,107.0,360.0,1.0,Rural
LP001228,Male,No,0,Not Graduate,No,3200.0,2254.0,126.0,180.0,0.0,Urban
LP001570,Male,Yes,2,Graduate,No,4167.0,1447.0,158.0,360.0,1.0,Rural
LP002225,Male,Yes,2,Graduate,No,5391.0,0.0,130.0,360.0,1.0,Urban
LP001197,Male,Yes,0,Graduate,No,3366.0,2200.0,135.0,360.0,1.0,Rural
LP002795,other,Yes,3+,Graduate,Yes,10139.0,0.0,260.0,360.0,1.0,Semiurban
LP001708,Female,No,0,Graduate,No,10000.0,0.0,214.0,360.0,1.0,Semiurban
LP002974,Male,Yes,0,Graduate,no,3232.0,1950.0,108.0,360.0,1.0,Rural
LP002300,Female,No,0,Not Graduate,No,1963.0,0.0,53.0,360.0,1.0,Semiurban
LP002983,Male,Yes,1,Graduate,No,8072.0,240.0,253.0,360.0,1.0,Urban
LP002296,Male,No,0,Not Graduate,No,2755.0,0.0,65.0,300.0,1.0,Rural
LP001439,Male,Yes,0,Not Graduate,No,4300.0,2014.0,194.0,360.0,1.0,Rural
LP001508,Male,Yes,2,Graduate,No,11757.0,0.0,187.0,180.0,1.0,Urban
LP002473,Male,Yes,0,Graduate,No,8334.0,0.0,160.0,360.0,1.0,Semiurban
LP002053,Male,Yes,3+,Graduate,No,4342.0,189.0,124.0,360.0,1.0,Semiurban
LP001248,Male,No,0,Graduate,No,3500.0,0.0,81.0,300.0,1.0,Semiurban
LP002619,Male,Yes,0,Not Graduate,No,3814.0,1483.0,124.0,300.0,1.0,Semiurban
LP002277,Female,No,0,Graduate,No,3180.0,0.0,71.0,360.0,0.0,Urban
LP002911,Male,Yes,1,Graduate,No,2787.0,1917.0,146.0,360.0,0.0,Rural
LP001401,Male,Yes,1,Graduate,No,14583.0,0.0,185.0,180.0,1.0,Rural
LP002484,Male,Yes,3+,Graduate,No,7740.0,0.0,128.0,180.0,1.0,Urban
LP002585,Male,Yes,0,Graduate,No,3597.0,2157.0,119.0,360.0,0.0,Rural
LP001841,Male,No,0,Not Graduate,Yes,2583.0,2167.0,104.0,360.0,1.0,Rural
LP002820,Male,Yes,0,Graduate,No,5923.0,2054.0,211.0,360.0,1.0,Rural
LP001744,Male,No,0,Graduate,No,2971.0,2791.0,144.0,360.0,1.0,Semiurban
LP001552,Male,Yes,0,Graduate,No,4583.0,5625.0,255.0,360.0,1.0,Semiurban
LP001553,Male,,0,Graduate,No,4583.0,5625.0,255.0,360.0,,Semiurban
